{
    "Level": 6,
    "MaxExp": 75.9375,
    "CurrentExp": 3.125,
    "Hp": 150.0,
    "Speed": 10.0,
    "Atk": 10.0,
    "AttackCoolTime": 4.500000476837158,
    "NuckbackPower": 0.8999999761581421
}