{
    "Level": 3,
    "MaxExp": 22.5,
    "CurrentExp": 0.0,
    "Hp": 120.0,
    "Speed": 10.0,
    "Atk": 7.0,
    "AttackCoolTime": 4.800000190734863,
    "NuckbackPower": 0.8999999761581421
}