{
    "Stage": 57,
    "Coin": 91800,
    "SkillDrawCount": 2,
    "BGMVolume": -22.243988037109376,
    "SFXVolume": -15.018973350524903
}