{
    "Stage": 3,
    "Coin": 87000,
    "SkillDrawCount": 0,
    "BGMVolume": -22.23360252380371,
    "SFXVolume": -15.304555892944336
}