{
    "Stage": 16,
    "Coin": 4850,
    "SkillDrawCount": 0,
    "BGMVolume": -15.297916412353516,
    "SFXVolume": -15.304555892944336
}