{
    "Stage": 1,
    "Coin": 10000,
    "SkillDrawCount": 7,
    "BGMVolume": -20.356334686279298,
    "SFXVolume": -18.656232833862306
}