{
    "Stage": 11,
    "Coin": 672400,
    "SkillDrawCount": 70,
    "BGMVolume": -19.21332359313965,
    "SFXVolume": -15.304555892944336
}