{
    "Stage": 4,
    "Coin": 27400,
    "SkillDrawCount": 4,
    "BGMVolume": -22.23360252380371,
    "SFXVolume": -15.304555892944336
}