{
    "Stage": 1,
    "Coin": 0,
    "SkillDrawCount": 0,
    "BGMVolume": -15.745372772216797,
    "SFXVolume": -15.304555892944336
}