{
    "Stage": 1,
    "Coin": 0,
    "SkillDrawCount": 0,
    "BGMVolume": -19.681381225585939,
    "SFXVolume": -13.434133529663086
}