{
    "Stage": 1,
    "Coin": 0,
    "SkillDrawCount": 0,
    "TutorialCount": 1,
    "BGMVolume": -19.191028594970704,
    "SFXVolume": -14.761125564575196
}