{
    "Stage": 1,
    "Coin": 0,
    "SkillDrawCount": 0,
    "TutorialCount": 1,
    "BGMVolume": -17.417238235473634,
    "SFXVolume": -14.761125564575196
}