{
    "Stage": 1,
    "Coin": 0,
    "SkillDrawCount": 0,
    "TutorialCount": 1,
    "BGMVolume": -14.833223342895508,
    "SFXVolume": -16.33161735534668
}