{
    "Stage": 1,
    "Coin": 0,
    "SkillDrawCount": 0,
    "TutorialCount": 1,
    "BGMVolume": -22.031538009643556,
    "SFXVolume": -24.791980743408204
}