{
    "Stage": 1,
    "Coin": 0,
    "SkillDrawCount": 0,
    "TutorialCount": 1,
    "BGMVolume": -23.053688049316408,
    "SFXVolume": -20.842124938964845
}