{
    "Stage": 1,
    "Coin": 0,
    "SkillDrawCount": 0,
    "TutorialCount": 1,
    "BGMVolume": -21.799388885498048,
    "SFXVolume": -19.98270034790039
}